Archivo,Promedio
PRECIPITATION_1.csv,5.9864999999999995
PRECIPITATION_2.csv,1.6344999999999998
PRECIPITATION_3.csv,1.4344999999999999
PRECIPITATION_4.csv,22.539
PRECIPITATION_5.csv,155.88899999999998
PRECIPITATION_6.csv,19.923
PRECIPITATION_7.csv,27.409999999999997
PRECIPITATION_8.csv,52.871500000000005
PRECIPITATION_9.csv,10.4505
PRECIPITATION_10.csv,31.407999999999998
PRECIPITATION_11.csv,147.699
PRECIPITATION_12.csv,60.870000000000005
