Archivo,Promedio
PRECIPITATION_1.csv,1.6350000000000002
PRECIPITATION_2.csv,1.4365
PRECIPITATION_3.csv,3.7399999999999998
PRECIPITATION_4.csv,27.183500000000002
PRECIPITATION_5.csv,104.63600000000001
PRECIPITATION_6.csv,9.692499999999999
PRECIPITATION_7.csv,8.796000000000001
PRECIPITATION_8.csv,35.6635
PRECIPITATION_9.csv,12.134000000000002
PRECIPITATION_10.csv,28.289000000000005
PRECIPITATION_11.csv,127.575
PRECIPITATION_12.csv,71.41799999999999
